{"done": {"0_0": {"frozen": 0.72239013671875, "recovery": 0.026684570312500044}, "0_1": {"frozen": 0.72239013671875, "recovery": 0.026430664062500053}, "0_2": {"frozen": 0.72239013671875, "recovery": 0.026169433593750013}, "1_0": {"frozen": 0.72425537109375, "recovery": 0.02291503906249992}, "1_1": {"frozen": 0.72425537109375, "recovery": 0.023273925781249982}, "1_2": {"frozen": 0.72425537109375, "recovery": 0.024243164062499933}, "2_0": {"frozen": 0.73946044921875, "recovery": 0.022946777343750058}, "2_1": {"frozen": 0.73946044921875, "recovery": 0.02349853515625}, "2_2": {"frozen": 0.73946044921875, "recovery": 0.022934570312500013}}}