{"done": {"0_0": {"frozen": 0.72239013671875, "recovery": 0.03405029296875006}, "0_1": {"frozen": 0.72239013671875, "recovery": 0.03460449218750006}, "0_2": {"frozen": 0.72239013671875, "recovery": 0.033320312500000004}, "0_3": {"frozen": 0.72239013671875, "recovery": 0.034829101562500075}, "0_4": {"frozen": 0.72239013671875, "recovery": 0.03399658203125}, "1_0": {"frozen": 0.72425537109375, "recovery": 0.029433593749999987}, "1_1": {"frozen": 0.72425537109375, "recovery": 0.02924560546874999}, "1_2": {"frozen": 0.72425537109375, "recovery": 0.029963378906250004}, "1_3": {"frozen": 0.72425537109375, "recovery": 0.030007324218749964}, "1_4": {"frozen": 0.72425537109375, "recovery": 0.02892089843750001}, "2_0": {"frozen": 0.73946044921875, "recovery": 0.029729003906249996}, "2_1": {"frozen": 0.73946044921875, "recovery": 0.028195800781250058}, "2_2": {"frozen": 0.73946044921875, "recovery": 0.027463378906250058}, "2_3": {"frozen": 0.73946044921875, "recovery": 0.027512207031250013}, "2_4": {"frozen": 0.73946044921875, "recovery": 0.02759765624999999}}}