{"done": {"0_0": {"frozen": 0.72239013671875, "recovery": 0.03348388671875002}, "0_1": {"frozen": 0.72239013671875, "recovery": 0.03278320312500005}, "0_2": {"frozen": 0.72239013671875, "recovery": 0.033896484375000036}, "1_0": {"frozen": 0.72425537109375, "recovery": 0.02825195312499995}, "1_1": {"frozen": 0.72425537109375, "recovery": 0.02855468750000001}, "1_2": {"frozen": 0.72425537109375, "recovery": 0.027766113281250004}, "2_0": {"frozen": 0.73946044921875, "recovery": 0.02764892578125}, "2_1": {"frozen": 0.73946044921875, "recovery": 0.026840820312500013}, "2_2": {"frozen": 0.73946044921875, "recovery": 0.027268066406250013}}}