{"done": {"0_0": {"frozen": 0.72239013671875, "recovery": 0.04731201171874999}, "0_1": {"frozen": 0.72239013671875, "recovery": 0.05099121093750003}, "0_2": {"frozen": 0.72239013671875, "recovery": 0.048657226562500044}, "1_0": {"frozen": 0.72425537109375, "recovery": 0.04011962890624998}, "1_1": {"frozen": 0.72425537109375, "recovery": 0.04178222656249997}, "1_2": {"frozen": 0.72425537109375, "recovery": 0.03812255859374991}, "2_0": {"frozen": 0.73946044921875, "recovery": 0.03708251953124997}, "2_1": {"frozen": 0.73946044921875, "recovery": 0.043391113281250004}, "2_2": {"frozen": 0.73946044921875, "recovery": 0.040043945312499996}}}