{
 "W-2022-45": {
  "per_window": [
   0.955947265625,
   0.95069580078125,
   0.95899658203125
  ],
  "mean": 0.9552132161458333,
  "std": 0.003428300241469183,
  "n_per_window": 200
 },
 "W-2022-46": {
  "per_window": [
   0.72326171875,
   0.72526123046875,
   0.74511474609375
  ],
  "mean": 0.7312125651041667,
  "std": 0.009864160345368241,
  "n_per_window": 200
 }
}