{"done": {"0_0": {"frozen": 0.72239013671875, "recovery": 0.018095703125000084}, "0_1": {"frozen": 0.72239013671875, "recovery": 0.021809082031249982}, "0_2": {"frozen": 0.72239013671875, "recovery": 0.019702148437500067}, "1_0": {"frozen": 0.72425537109375, "recovery": 0.011176757812499938}, "1_1": {"frozen": 0.72425537109375, "recovery": 0.012419433593749973}, "1_2": {"frozen": 0.72425537109375, "recovery": 0.011704101562499902}, "2_0": {"frozen": 0.73946044921875, "recovery": 0.007170410156249973}, "2_1": {"frozen": 0.73946044921875, "recovery": 0.010856933593750062}, "2_2": {"frozen": 0.73946044921875, "recovery": 0.0054980468749999956}}}