{"done": {"0_0": {"frozen": 0.72239013671875, "recovery": 0.11986083984375007}, "0_1": {"frozen": 0.72239013671875, "recovery": 0.11998779296875006}, "0_2": {"frozen": 0.72239013671875, "recovery": 0.12090087890625001}, "1_0": {"frozen": 0.72425537109375, "recovery": 0.11440917968749997}, "1_1": {"frozen": 0.72425537109375, "recovery": 0.11563476562499997}, "1_2": {"frozen": 0.72425537109375, "recovery": 0.11541015624999995}, "2_0": {"frozen": 0.73946044921875, "recovery": 0.11183349609375004}, "2_1": {"frozen": 0.73946044921875, "recovery": 0.10995849609374997}, "2_2": {"frozen": 0.73946044921875, "recovery": 0.11115722656250004}}}