{
 "switch25": 0.03688964843750009,
 "switch50": 0.03880208333333335,
 "switch75": 0.027636718750000067,
 "pure100": 0.004630533854166674
}