{
 "s25_k0": {
  "switch": 25,
  "k": 0,
  "frozen": 0.7534749348958333,
  "recovery": 0.04714355468750009
 },
 "s25_k1": {
  "switch": 25,
  "k": 1,
  "frozen": 0.7534749348958333,
  "recovery": 0.04860839843750009
 },
 "s25_k2": {
  "switch": 25,
  "k": 2,
  "frozen": 0.7534749348958333,
  "recovery": 0.0538330078125
 },
 "s25_k3": {
  "switch": 25,
  "k": 3,
  "frozen": 0.7534749348958333,
  "recovery": 0.05241699218750007
 },
 "s25_k4": {
  "switch": 25,
  "k": 4,
  "frozen": 0.7534749348958333,
  "recovery": 0.05367024739583337
 },
 "s37_k0": {
  "switch": 37,
  "k": 0,
  "frozen": 0.7534749348958333,
  "recovery": 0.04404296875000002
 },
 "s37_k1": {
  "switch": 37,
  "k": 1,
  "frozen": 0.7534749348958333,
  "recovery": 0.039501953125000044
 },
 "s37_k2": {
  "switch": 37,
  "k": 2,
  "frozen": 0.7534749348958333,
  "recovery": 0.03466796875
 },
 "s37_k3": {
  "switch": 37,
  "k": 3,
  "frozen": 0.7534749348958333,
  "recovery": 0.03947753906250007
 },
 "s37_k4": {
  "switch": 37,
  "k": 4,
  "frozen": 0.7534749348958333,
  "recovery": 0.041088867187500044
 },
 "s50_k0": {
  "switch": 50,
  "k": 0,
  "frozen": 0.7534749348958333,
  "recovery": 0.03688964843750009
 },
 "s50_k1": {
  "switch": 50,
  "k": 1,
  "frozen": 0.7534749348958333,
  "recovery": 0.036206054687500044
 },
 "s50_k2": {
  "switch": 50,
  "k": 2,
  "frozen": 0.7534749348958333,
  "recovery": 0.03196614583333335
 },
 "s50_k3": {
  "switch": 50,
  "k": 3,
  "frozen": 0.7534749348958333,
  "recovery": 0.03337402343750007
 },
 "s50_k4": {
  "switch": 50,
  "k": 4,
  "frozen": 0.7534749348958333,
  "recovery": 0.034334309895833415
 },
 "s62_k0": {
  "switch": 62,
  "k": 0,
  "frozen": 0.7534749348958333,
  "recovery": -0.01277669270833326
 },
 "s62_k1": {
  "switch": 62,
  "k": 1,
  "frozen": 0.7534749348958333,
  "recovery": 0.03370768229166676
 },
 "s62_k2": {
  "switch": 62,
  "k": 2,
  "frozen": 0.7534749348958333,
  "recovery": 0.030997721354166674
 },
 "s62_k3": {
  "switch": 62,
  "k": 3,
  "frozen": 0.7534749348958333,
  "recovery": 0.033072916666666674
 },
 "s62_k4": {
  "switch": 62,
  "k": 4,
  "frozen": 0.7534749348958333,
  "recovery": 0.037548828125000044
 },
 "s75_k0": {
  "switch": 75,
  "k": 0,
  "frozen": 0.7534749348958333,
  "recovery": 0.023893229166666696
 },
 "s75_k1": {
  "switch": 75,
  "k": 1,
  "frozen": 0.7534749348958333,
  "recovery": -0.011295572916666607
 },
 "s75_k2": {
  "switch": 75,
  "k": 2,
  "frozen": 0.7534749348958333,
  "recovery": 0.03214518229166674
 },
 "s75_k3": {
  "switch": 75,
  "k": 3,
  "frozen": 0.7534749348958333,
  "recovery": 0.032682291666666696
 },
 "s75_k4": {
  "switch": 75,
  "k": 4,
  "frozen": 0.7534749348958333,
  "recovery": 0.03398437500000007
 }
}