{"done": {"0_0": {"frozen": 0.72239013671875, "recovery": 0.024660644531250053}, "0_1": {"frozen": 0.72239013671875, "recovery": 0.02316650390625008}, "0_2": {"frozen": 0.72239013671875, "recovery": 0.024372558593749982}, "1_0": {"frozen": 0.72425537109375, "recovery": 0.02287109374999996}, "1_1": {"frozen": 0.72425537109375, "recovery": 0.022282714843749996}, "1_2": {"frozen": 0.72425537109375, "recovery": 0.020676269531249902}, "2_0": {"frozen": 0.73946044921875, "recovery": 0.020729980468749964}, "2_1": {"frozen": 0.73946044921875, "recovery": 0.020981445312500013}, "2_2": {"frozen": 0.73946044921875, "recovery": 0.020895996093750036}}}