{"done": {"0_0": {"frozen": 0.72239013671875, "recovery": 0.011049804687500053}, "0_1": {"frozen": 0.72239013671875, "recovery": 0.010930175781249996}, "0_2": {"frozen": 0.72239013671875, "recovery": 0.013005371093749996}, "1_0": {"frozen": 0.72425537109375, "recovery": 0.007253417968750009}, "1_1": {"frozen": 0.72425537109375, "recovery": 0.0035009765624999245}, "1_2": {"frozen": 0.72425537109375, "recovery": 0.002722167968749911}, "2_0": {"frozen": 0.73946044921875, "recovery": 0.004309082031250022}, "2_1": {"frozen": 0.73946044921875, "recovery": 0.006152343750000067}, "2_2": {"frozen": 0.73946044921875, "recovery": 0.0029785156250000666}}}