{"w1": {"frozen": 0.72425537109375, "natural_final": 0.75289794921875, "nat_rec": 2.864257812499993}, "w2": {"frozen": 0.73946044921875, "natural_final": 0.76806640625, "nat_rec": 2.8605957031250018}}